{
  "train": {
    "accuracy": 0.7738095238095238,
    "precision": 0.631578947368421,
    "recall": 0.7317073170731707,
    "f1_score": 0.6779661016949152,
    "roc_auc": 0.8378407460545194
  },
  "validation": {
    "accuracy": 0.6235294117647059,
    "precision": 0.42424242424242425,
    "recall": 0.5185185185185185,
    "f1_score": 0.4666666666666667,
    "roc_auc": 0.5689655172413793
  },
  "test": {
    "accuracy": 0.5882352941176471,
    "precision": 0.4,
    "recall": 0.5,
    "f1_score": 0.4444444444444444,
    "roc_auc": 0.5357142857142858
  }
}